{
  "base": {
    "distinct_1": {
      "mean": 0.5397330460798873,
      "std": 0.05467762240679317,
      "n": 21
    },
    "distinct_2": {
      "mean": 0.8818259709410192,
      "std": 0.048873988044823784,
      "n": 21
    },
    "distinct_3": {
      "mean": 0.9621649460639532,
      "std": 0.03285141843140549,
      "n": 21
    },
    "type_token_ratio": {
      "mean": 0.5397330460798873,
      "std": 0.05467762240679317,
      "n": 21
    },
    "self_bleu_4": {
      "mean": 0.007277351035518381,
      "std": 0.01241267993329627,
      "n": 21
    },
    "avg_length": {
      "mean": 103.22222222222224,
      "std": 5.914141722211741,
      "n": 21
    },
    "num_samples": {
      "mean": 3.0,
      "std": 0.0,
      "n": 21
    },
    "style_fidelity_mean": {
      "mean": 3.738095238095238,
      "std": 0.9337462643394085,
      "n": 21
    },
    "text_quality_mean": {
      "mean": 5.9523809523809526,
      "std": 0.6529194857524804,
      "n": 21
    }
  },
  "aligned": {
    "distinct_1": {
      "mean": 0.637766261452443,
      "std": 0.06846547540329674,
      "n": 21
    },
    "distinct_2": {
      "mean": 0.9447870643535557,
      "std": 0.028493336302049716,
      "n": 21
    },
    "distinct_3": {
      "mean": 0.9907033124259582,
      "std": 0.0075367126999246,
      "n": 21
    },
    "type_token_ratio": {
      "mean": 0.637766261452443,
      "std": 0.06846547540329674,
      "n": 21
    },
    "self_bleu_4": {
      "mean": 0.0025534964421170085,
      "std": 0.0036877364120645904,
      "n": 21
    },
    "avg_length": {
      "mean": 91.4126984126984,
      "std": 22.76819111350313,
      "n": 21
    },
    "num_samples": {
      "mean": 3.0,
      "std": 0.0,
      "n": 21
    },
    "style_fidelity_mean": {
      "mean": 7.261904761904762,
      "std": 0.9078893316636962,
      "n": 21
    },
    "text_quality_mean": {
      "mean": 7.071428571428571,
      "std": 1.157642455346973,
      "n": 21
    }
  },
  "interp_0.25": {
    "distinct_1": {
      "mean": 0.5935643571302384,
      "std": 0.05343227711174071,
      "n": 21
    },
    "distinct_2": {
      "mean": 0.9132282270885945,
      "std": 0.0704349760329813,
      "n": 21
    },
    "distinct_3": {
      "mean": 0.9727929796084558,
      "std": 0.06260336232077822,
      "n": 21
    },
    "type_token_ratio": {
      "mean": 0.5935643571302384,
      "std": 0.05343227711174071,
      "n": 21
    },
    "self_bleu_4": {
      "mean": 0.007467201101772757,
      "std": 0.016378136500102582,
      "n": 21
    },
    "avg_length": {
      "mean": 104.38095238095238,
      "std": 4.355906668248797,
      "n": 21
    },
    "num_samples": {
      "mean": 2.0,
      "std": 0.0,
      "n": 21
    },
    "style_fidelity_mean": {
      "mean": 5.142857142857143,
      "std": 1.1142246625521515,
      "n": 21
    },
    "text_quality_mean": {
      "mean": 6.595238095238095,
      "std": 0.733858809877259,
      "n": 21
    }
  },
  "interp_0.5": {
    "distinct_1": {
      "mean": 0.5991946636059937,
      "std": 0.05897562942070702,
      "n": 21
    },
    "distinct_2": {
      "mean": 0.8842134214345501,
      "std": 0.11318407742203912,
      "n": 21
    },
    "distinct_3": {
      "mean": 0.9392521325170126,
      "std": 0.118389662560066,
      "n": 21
    },
    "type_token_ratio": {
      "mean": 0.5991946636059937,
      "std": 0.05897562942070702,
      "n": 21
    },
    "self_bleu_4": {
      "mean": 0.006242193910699404,
      "std": 0.015752492939866705,
      "n": 21
    },
    "avg_length": {
      "mean": 99.76190476190476,
      "std": 8.357515932521952,
      "n": 21
    },
    "num_samples": {
      "mean": 2.0,
      "std": 0.0,
      "n": 21
    },
    "style_fidelity_mean": {
      "mean": 6.357142857142857,
      "std": 1.0251928638862373,
      "n": 21
    },
    "text_quality_mean": {
      "mean": 6.5476190476190474,
      "std": 1.223818788180609,
      "n": 21
    }
  },
  "interp_0.75": {
    "distinct_1": {
      "mean": 0.6135483346837994,
      "std": 0.07315042103674638,
      "n": 21
    },
    "distinct_2": {
      "mean": 0.9145707732257232,
      "std": 0.10567461801907564,
      "n": 21
    },
    "distinct_3": {
      "mean": 0.9644089288590239,
      "std": 0.0970991669349122,
      "n": 21
    },
    "type_token_ratio": {
      "mean": 0.6135483346837994,
      "std": 0.07315042103674638,
      "n": 21
    },
    "self_bleu_4": {
      "mean": 0.008304783323856988,
      "std": 0.019748226683545544,
      "n": 21
    },
    "avg_length": {
      "mean": 97.14285714285714,
      "std": 9.504563887621439,
      "n": 21
    },
    "num_samples": {
      "mean": 2.0,
      "std": 0.0,
      "n": 21
    },
    "style_fidelity_mean": {
      "mean": 6.666666666666667,
      "std": 0.9920317455237931,
      "n": 21
    },
    "text_quality_mean": {
      "mean": 6.619047619047619,
      "std": 1.3531687846078877,
      "n": 21
    }
  }
}